epoch,time,train/box_loss,train/cls_loss,train/dfl_loss,train/angle_loss,metrics/precision(B),metrics/recall(B),metrics/mAP50(B),metrics/mAP50-95(B),val/box_loss,val/cls_loss,val/dfl_loss,val/angle_loss,lr/pg0,lr/pg1,lr/pg2
1,39.3329,0.82445,1.15725,1.59449,0.04429,0.96982,0.95605,0.98319,0.89943,0.45786,0.42027,1.05051,0.02316,0.00066373,0.00066373,0.00066373
2,76.0282,0.60301,0.52363,1.13206,0.02903,0.96787,0.94813,0.98075,0.91847,0.41658,0.36658,1.07622,0.01945,0.00131723,0.00131723,0.00131723
3,112.485,0.58052,0.474,1.09781,0.02773,0.95745,0.94394,0.97975,0.90468,0.40358,0.34816,1.05191,0.02168,0.00195752,0.00195752,0.00195752
4,148.659,0.5735,0.45692,1.09655,0.02425,0.9607,0.96339,0.98488,0.92072,0.38326,0.33589,1.0092,0.01766,0.0019406,0.0019406,0.0019406
5,185.257,0.56456,0.45,1.09197,0.02577,0.97116,0.95048,0.98479,0.91797,0.4125,0.33482,1.02892,0.02496,0.0019208,0.0019208,0.0019208
6,221.891,0.53875,0.40846,1.07045,0.02195,0.96064,0.95347,0.98404,0.92376,0.38355,0.29988,1.03066,0.01654,0.001901,0.001901,0.001901
7,258.155,0.52913,0.40779,1.05491,0.02092,0.96931,0.96356,0.98367,0.92867,0.37217,0.2845,1.00286,0.01349,0.0018812,0.0018812,0.0018812
8,294.326,0.52377,0.39913,1.06593,0.02185,0.97633,0.94402,0.98513,0.929,0.37482,0.29616,1.01893,0.01906,0.0018614,0.0018614,0.0018614
9,331.295,0.50995,0.39185,1.05024,0.02123,0.97626,0.955,0.98635,0.93562,0.36645,0.27323,1.00038,0.01485,0.0018416,0.0018416,0.0018416
10,367.915,0.50296,0.38248,1.03943,0.0184,0.96802,0.9698,0.99074,0.92916,0.38818,0.27653,1.02015,0.0127,0.0018218,0.0018218,0.0018218
11,404.495,0.50195,0.37558,1.04578,0.02093,0.95741,0.96873,0.98652,0.93673,0.35718,0.27178,0.99347,0.01654,0.001802,0.001802,0.001802
12,441.09,0.49074,0.36784,1.03667,0.01835,0.9731,0.96186,0.98853,0.93463,0.34433,0.27754,0.99176,0.01064,0.0017822,0.0017822,0.0017822
13,479.617,0.48942,0.36684,1.04004,0.01752,0.9692,0.95995,0.98756,0.93276,0.35874,0.27228,0.99699,0.01296,0.0017624,0.0017624,0.0017624
14,519.057,0.47851,0.36479,1.02959,0.01726,0.96924,0.96568,0.98839,0.9413,0.34409,0.25275,0.98258,0.01333,0.0017426,0.0017426,0.0017426
15,560.681,0.48105,0.36057,1.02651,0.01647,0.97372,0.96103,0.98801,0.93929,0.34421,0.26464,0.98625,0.01645,0.0017228,0.0017228,0.0017228
16,598.028,0.47185,0.35317,1.02191,0.01607,0.96734,0.96949,0.98951,0.94149,0.33162,0.24492,0.98509,0.01164,0.001703,0.001703,0.001703
17,634.771,0.46242,0.34374,1.01963,0.01571,0.97101,0.97087,0.99033,0.94513,0.34297,0.24142,0.99484,0.01098,0.0016832,0.0016832,0.0016832
18,677.064,0.46377,0.34044,1.02127,0.01631,0.96797,0.96805,0.9904,0.94381,0.3354,0.24617,0.98039,0.01287,0.0016634,0.0016634,0.0016634
19,720.968,0.45963,0.34048,1.02134,0.01582,0.96442,0.96949,0.9882,0.94109,0.3357,0.24144,0.98733,0.01215,0.0016436,0.0016436,0.0016436
20,765.489,0.46447,0.34433,1.01858,0.0153,0.97891,0.95595,0.98487,0.94454,0.33113,0.24979,0.99592,0.01025,0.0016238,0.0016238,0.0016238
21,810.591,0.45859,0.33734,1.01996,0.01593,0.98107,0.94508,0.98768,0.94417,0.32486,0.23902,0.98448,0.01081,0.001604,0.001604,0.001604
22,851.027,0.45278,0.33001,1.01019,0.01351,0.97841,0.96034,0.99001,0.94954,0.32252,0.2371,0.972,0.0134,0.0015842,0.0015842,0.0015842
23,895.53,0.45124,0.33712,1.00819,0.01414,0.97669,0.95878,0.99077,0.94742,0.32097,0.23952,0.96843,0.01026,0.0015644,0.0015644,0.0015644
24,937.338,0.45317,0.33213,1.00619,0.0152,0.96372,0.97178,0.99123,0.9484,0.31391,0.22511,0.97162,0.01033,0.0015446,0.0015446,0.0015446
25,979.968,0.43583,0.31685,1.00275,0.0135,0.97753,0.96245,0.99046,0.94852,0.32051,0.22632,0.97316,0.0106,0.0015248,0.0015248,0.0015248
26,1021.99,0.44337,0.3229,1.00873,0.01388,0.97406,0.96568,0.9915,0.95218,0.31941,0.22835,0.97181,0.00903,0.001505,0.001505,0.001505
27,1066.09,0.44475,0.31715,1.00287,0.01359,0.97167,0.96793,0.99151,0.95246,0.30875,0.21673,0.96268,0.00969,0.0014852,0.0014852,0.0014852
28,1108.43,0.44418,0.31581,1.00511,0.0145,0.96295,0.97133,0.9905,0.95244,0.31242,0.22619,0.96778,0.01068,0.0014654,0.0014654,0.0014654
29,1156.2,0.43491,0.31638,1.0011,0.01437,0.96795,0.96754,0.98999,0.9476,0.31182,0.22361,0.96657,0.01153,0.0014456,0.0014456,0.0014456
30,1195.96,0.44646,0.32178,1.00598,0.0136,0.965,0.9674,0.99064,0.9512,0.31667,0.22851,0.96704,0.01035,0.0014258,0.0014258,0.0014258
31,1236.97,0.4395,0.31105,1.00006,0.01459,0.95606,0.97932,0.99051,0.95242,0.30392,0.21742,0.96409,0.00845,0.001406,0.001406,0.001406
32,1279.78,0.43662,0.30558,0.99858,0.01374,0.97336,0.9672,0.99057,0.95065,0.31722,0.22125,0.97025,0.00968,0.0013862,0.0013862,0.0013862
33,1321.93,0.42956,0.31446,1.00324,0.01347,0.96951,0.97014,0.99021,0.95241,0.308,0.22337,0.96,0.01056,0.0013664,0.0013664,0.0013664
34,1365.58,0.42758,0.30795,0.99085,0.01225,0.95985,0.98474,0.99113,0.95259,0.31128,0.2109,0.96734,0.00953,0.0013466,0.0013466,0.0013466
35,1408.33,0.42671,0.30446,0.99565,0.01259,0.97313,0.96673,0.99082,0.95431,0.30502,0.20911,0.96699,0.00733,0.0013268,0.0013268,0.0013268
36,1450.19,0.42491,0.30207,0.99105,0.01299,0.96524,0.97439,0.99117,0.95504,0.30825,0.20971,0.96409,0.01009,0.001307,0.001307,0.001307
37,1491.22,0.42298,0.29918,0.99217,0.013,0.96643,0.96632,0.98804,0.94943,0.30947,0.22613,0.97009,0.00995,0.0012872,0.0012872,0.0012872
38,1533.59,0.42439,0.30464,0.98917,0.01236,0.97799,0.95652,0.99089,0.95048,0.30448,0.22038,0.95939,0.0112,0.0012674,0.0012674,0.0012674
39,1576.04,0.42414,0.30244,0.99358,0.01253,0.97172,0.97483,0.99083,0.95215,0.30492,0.20546,0.96759,0.00794,0.0012476,0.0012476,0.0012476
40,1614.52,0.41844,0.29633,0.99293,0.01118,0.9648,0.97407,0.99038,0.95203,0.29699,0.20505,0.9672,0.00843,0.0012278,0.0012278,0.0012278
41,1650.81,0.4157,0.29595,0.98845,0.01139,0.97675,0.9612,0.99047,0.95424,0.2976,0.21022,0.95551,0.00954,0.001208,0.001208,0.001208
42,1686.81,0.421,0.29693,0.98773,0.01209,0.96817,0.97444,0.99057,0.95599,0.29869,0.20557,0.9615,0.0096,0.0011882,0.0011882,0.0011882
43,1724.03,0.41812,0.29694,0.98742,0.01276,0.95969,0.97407,0.99042,0.95073,0.30318,0.21961,0.96048,0.00921,0.0011684,0.0011684,0.0011684
44,1763.76,0.41429,0.28667,0.98725,0.01115,0.96823,0.97646,0.99104,0.95388,0.30034,0.20141,0.9597,0.0085,0.0011486,0.0011486,0.0011486
45,1803.15,0.41383,0.28905,0.9821,0.01182,0.97264,0.97254,0.99091,0.95631,0.29828,0.20033,0.95446,0.00886,0.0011288,0.0011288,0.0011288
46,1844.73,0.40932,0.2868,0.97819,0.01138,0.96249,0.97857,0.99055,0.95554,0.29718,0.20418,0.95364,0.00915,0.001109,0.001109,0.001109
47,1885.99,0.41396,0.28601,0.98728,0.01052,0.97645,0.96568,0.99071,0.95336,0.29594,0.20111,0.95713,0.00881,0.0010892,0.0010892,0.0010892
48,1928.08,0.40505,0.28207,0.97927,0.01091,0.96674,0.97555,0.99094,0.95488,0.29216,0.20254,0.95166,0.00854,0.0010694,0.0010694,0.0010694
49,1970.39,0.40433,0.28298,0.97734,0.01146,0.97825,0.96058,0.99092,0.9565,0.29351,0.19908,0.95637,0.00847,0.0010496,0.0010496,0.0010496
50,2012.71,0.41129,0.28489,0.9779,0.01154,0.95977,0.97864,0.99043,0.9542,0.28961,0.20575,0.95149,0.00701,0.0010298,0.0010298,0.0010298
51,2057.14,0.39778,0.27713,0.96802,0.00973,0.96955,0.97152,0.99066,0.95833,0.28996,0.19971,0.94958,0.00952,0.00101,0.00101,0.00101
52,2099.33,0.40609,0.28048,0.98266,0.00954,0.96814,0.97407,0.9914,0.95782,0.29347,0.19796,0.95099,0.00861,0.0009902,0.0009902,0.0009902
53,2142.43,0.39056,0.27312,0.96502,0.01041,0.96554,0.98308,0.99114,0.95702,0.29003,0.19712,0.95504,0.00768,0.0009704,0.0009704,0.0009704
54,2184.11,0.39785,0.27231,0.97178,0.01008,0.97016,0.96725,0.98979,0.95935,0.28888,0.19616,0.95468,0.00943,0.0009506,0.0009506,0.0009506
55,2224.71,0.39324,0.27086,0.97303,0.0117,0.96667,0.97333,0.99051,0.95831,0.2895,0.19614,0.9567,0.00826,0.0009308,0.0009308,0.0009308
56,2266.54,0.39558,0.27593,0.96986,0.01039,0.96467,0.97884,0.99146,0.95721,0.29107,0.1949,0.95366,0.01014,0.000911,0.000911,0.000911
57,2310.17,0.39462,0.27644,0.96878,0.00989,0.96629,0.97712,0.9912,0.95984,0.28775,0.19414,0.95335,0.00848,0.0008912,0.0008912,0.0008912
58,2351.04,0.39215,0.26839,0.97027,0.01029,0.97468,0.96902,0.99073,0.95838,0.28373,0.18755,0.95098,0.00805,0.0008714,0.0008714,0.0008714
59,2392.67,0.39563,0.27215,0.97135,0.00945,0.96319,0.97802,0.99133,0.95737,0.28782,0.19372,0.95458,0.00845,0.0008516,0.0008516,0.0008516
60,2434.41,0.39257,0.26861,0.96821,0.01136,0.97051,0.9733,0.99128,0.95943,0.28787,0.18937,0.95264,0.0081,0.0008318,0.0008318,0.0008318
61,2478.07,0.39462,0.2681,0.96861,0.01002,0.97241,0.97254,0.99086,0.95779,0.28521,0.18652,0.95002,0.00959,0.000812,0.000812,0.000812
62,2516.21,0.39058,0.26578,0.96398,0.00983,0.96544,0.98011,0.99104,0.95581,0.28358,0.18986,0.94971,0.00794,0.0007922,0.0007922,0.0007922
63,2552.22,0.3847,0.26181,0.96308,0.00965,0.97172,0.97635,0.99082,0.95792,0.28686,0.19061,0.94468,0.01054,0.0007724,0.0007724,0.0007724
64,2588.31,0.3886,0.26637,0.96032,0.00938,0.96655,0.97483,0.99088,0.95844,0.28457,0.1871,0.94532,0.00903,0.0007526,0.0007526,0.0007526
65,2624.51,0.38395,0.2618,0.96987,0.01063,0.96613,0.97864,0.99057,0.95765,0.28375,0.18737,0.94756,0.00779,0.0007328,0.0007328,0.0007328
66,2660.61,0.38539,0.25903,0.96297,0.00941,0.97037,0.97425,0.99076,0.95884,0.28335,0.1876,0.94623,0.00734,0.000713,0.000713,0.000713
67,2697.08,0.39345,0.26049,0.96515,0.01094,0.96969,0.97601,0.9909,0.95754,0.28011,0.1859,0.9475,0.00765,0.0006932,0.0006932,0.0006932
68,2733.33,0.38595,0.26023,0.96649,0.00995,0.97192,0.97687,0.99114,0.95931,0.28092,0.18222,0.94621,0.00748,0.0006734,0.0006734,0.0006734
69,2771.84,0.38616,0.25743,0.96063,0.00966,0.96832,0.97935,0.99129,0.96052,0.28445,0.18628,0.9464,0.00888,0.0006536,0.0006536,0.0006536
70,2809.95,0.37955,0.25229,0.95753,0.00965,0.97197,0.97865,0.99116,0.96054,0.27931,0.18055,0.94253,0.00821,0.0006338,0.0006338,0.0006338
71,2847.54,0.38494,0.25763,0.96154,0.00991,0.97104,0.972,0.99072,0.95922,0.27783,0.18363,0.9484,0.00725,0.000614,0.000614,0.000614
72,2892.28,0.38335,0.25796,0.96152,0.00993,0.96417,0.97788,0.99084,0.96009,0.27987,0.17982,0.94766,0.00708,0.0005942,0.0005942,0.0005942
73,2939.29,0.37811,0.25037,0.95626,0.0093,0.96736,0.97635,0.99066,0.95988,0.28024,0.17828,0.95002,0.00845,0.0005744,0.0005744,0.0005744
74,2978.19,0.37484,0.25271,0.95343,0.00872,0.97039,0.97505,0.99088,0.9602,0.27823,0.18109,0.9463,0.007,0.0005546,0.0005546,0.0005546
75,3015.16,0.37678,0.25707,0.95858,0.0084,0.96634,0.97788,0.99102,0.96182,0.27632,0.17885,0.94887,0.00828,0.0005348,0.0005348,0.0005348
76,3053.46,0.37828,0.25514,0.95546,0.00916,0.97377,0.97254,0.99123,0.96009,0.27767,0.17954,0.94688,0.00858,0.000515,0.000515,0.000515
77,3089.58,0.37536,0.24953,0.95342,0.00929,0.97179,0.97407,0.99115,0.96209,0.27552,0.17797,0.944,0.00718,0.0004952,0.0004952,0.0004952
78,3125.73,0.37198,0.24774,0.95193,0.00887,0.9689,0.97437,0.99084,0.96162,0.27643,0.17872,0.94473,0.00671,0.0004754,0.0004754,0.0004754
79,3162.36,0.36855,0.24687,0.94423,0.00835,0.96616,0.98011,0.99077,0.9614,0.27655,0.17873,0.9448,0.00706,0.0004556,0.0004556,0.0004556
80,3198.15,0.36979,0.24716,0.95472,0.00896,0.9719,0.97627,0.99083,0.96142,0.27792,0.17978,0.94574,0.00839,0.0004358,0.0004358,0.0004358
81,3235.42,0.35894,0.24197,0.9426,0.00785,0.97006,0.97941,0.99124,0.96096,0.27597,0.1785,0.94029,0.00783,0.000416,0.000416,0.000416
82,3271.62,0.36475,0.23975,0.94658,0.00865,0.96588,0.97635,0.99084,0.95911,0.27674,0.1774,0.94728,0.00706,0.0003962,0.0003962,0.0003962
83,3311.44,0.36908,0.24523,0.94832,0.00851,0.97062,0.97407,0.99075,0.95964,0.27673,0.17692,0.94617,0.00729,0.0003764,0.0003764,0.0003764
84,3347.81,0.37118,0.24377,0.95134,0.00943,0.97187,0.97522,0.99106,0.96066,0.27376,0.17417,0.94674,0.00742,0.0003566,0.0003566,0.0003566
85,3388.57,0.3598,0.2428,0.94697,0.00798,0.9718,0.97256,0.99113,0.95999,0.27653,0.17254,0.94408,0.00822,0.0003368,0.0003368,0.0003368
86,3425.97,0.36155,0.23749,0.9452,0.00863,0.96469,0.97944,0.99093,0.95966,0.27469,0.17556,0.94451,0.0064,0.000317,0.000317,0.000317
87,3460.84,0.36171,0.24015,0.94047,0.00825,0.96753,0.97725,0.99114,0.96004,0.2758,0.17498,0.94803,0.00784,0.0002972,0.0002972,0.0002972
88,3496.57,0.35592,0.23484,0.94166,0.00768,0.97375,0.97254,0.99083,0.96236,0.27236,0.17205,0.94418,0.00678,0.0002774,0.0002774,0.0002774
89,3531.97,0.36016,0.24071,0.94275,0.0087,0.97009,0.97483,0.99094,0.96112,0.27385,0.17115,0.94336,0.00728,0.0002576,0.0002576,0.0002576
90,3567.32,0.36487,0.23741,0.94493,0.0085,0.97247,0.97635,0.99099,0.96047,0.27327,0.17084,0.94416,0.00706,0.0002378,0.0002378,0.0002378
91,3621.91,0.28011,0.17755,0.92662,0.00629,0.97476,0.97254,0.99107,0.96106,0.27281,0.17133,0.94424,0.00662,0.000218,0.000218,0.000218
92,3657.28,0.27981,0.17719,0.93019,0.00686,0.97589,0.97025,0.99107,0.96164,0.27204,0.17146,0.94281,0.00686,0.0001982,0.0001982,0.0001982
93,3692.68,0.27773,0.17611,0.92233,0.00604,0.96688,0.97987,0.99109,0.96172,0.27181,0.16981,0.94521,0.00639,0.0001784,0.0001784,0.0001784
94,3730.36,0.27292,0.17398,0.9209,0.00589,0.97921,0.97003,0.99119,0.9619,0.2718,0.17028,0.94534,0.00674,0.0001586,0.0001586,0.0001586
95,3766.36,0.27095,0.16996,0.91841,0.00584,0.9807,0.969,0.99124,0.96313,0.27026,0.16865,0.94488,0.00623,0.0001388,0.0001388,0.0001388
96,3801.79,0.2728,0.16998,0.9237,0.0063,0.97665,0.97025,0.99126,0.96194,0.27108,0.16867,0.9451,0.00663,0.000119,0.000119,0.000119
97,3837.47,0.26875,0.16958,0.91589,0.00628,0.97694,0.96928,0.99107,0.96235,0.27023,0.16865,0.94365,0.00609,9.92e-05,9.92e-05,9.92e-05
98,3872.69,0.26988,0.16894,0.9162,0.006,0.97476,0.96873,0.99105,0.96281,0.27058,0.16859,0.9445,0.00605,7.94e-05,7.94e-05,7.94e-05
99,3908.08,0.27042,0.16921,0.91751,0.00587,0.9762,0.97004,0.99105,0.96298,0.27007,0.16756,0.94324,0.00651,5.96e-05,5.96e-05,5.96e-05
100,3945.78,0.26694,0.16604,0.91666,0.00602,0.97919,0.96922,0.99114,0.96296,0.26997,0.16776,0.94283,0.0068,3.98e-05,3.98e-05,3.98e-05
